[{"group_name":"AxiMate-Premium Casual","prefix":"aximate","voices":[{"value":null,"display":"&#9733; \ud83d\udc51\ud83d\udc51 English (USA) | Kevin (Male)"}]},{"group_name":"AxiMate-Premium Echo","prefix":"aximate","voices":[{"value":null,"display":"&#9733; \ud83d\udc51\ud83d\udc51 French (France) | Aurore (Female)"},{"value":null,"display":"&#9733; \ud83d\udc51\ud83d\udc51 French (France) | Dorian (Male)"},{"value":null,"display":"&#9733; \ud83d\udc51\ud83d\udc51 German (Germany) | Cornelia (Female)"},{"value":null,"display":"&#9733; \ud83d\udc51\ud83d\udc51 German (Germany) | Bastian (Male)"},{"value":null,"display":"&#9733; \ud83d\udc51\ud83d\udc51 English (USA) | Olivia (Female)"},{"value":null,"display":"&#9733; \ud83d\udc51\ud83d\udc51 English (USA) | Mason (Male)"}]},{"group_name":"AxiMate-Premium Oasis","prefix":"aximate","voices":[{"value":null,"display":"&#9733; \ud83d\udc51\ud83d\udc51 English (Australia) | Kai (Male)"},{"value":null,"display":"&#9733; \ud83d\udc51\ud83d\udc51 English (USA) | Kai (Male)"}]},{"group_name":"AxiMate-Premium Serenity","prefix":"aximate","voices":[{"value":null,"display":"&#9733; \ud83d\udc51\ud83d\udc51 English (USA) | Achernar (Female)"},{"value":null,"display":"&#9733; \ud83d\udc51\ud83d\udc51 English (USA) | Aoede (Female)"},{"value":null,"display":"&#9733; \ud83d\udc51\ud83d\udc51 English (USA) | Autonoe (Female)"},{"value":null,"display":"&#9733; \ud83d\udc51\ud83d\udc51 English (USA) | Callirrhoe (Female)"},{"value":null,"display":"&#9733; \ud83d\udc51\ud83d\udc51 English (USA) | Despina (Female)"},{"value":null,"display":"&#9733; \ud83d\udc51\ud83d\udc51 English (USA) | Erinome (Female)"},{"value":null,"display":"&#9733; \ud83d\udc51\ud83d\udc51 English (USA) | Flo (Female)"},{"value":null,"display":"&#9733; \ud83d\udc51\ud83d\udc51 English (USA) | Gacrux (Female)"},{"value":null,"display":"&#9733; \ud83d\udc51\ud83d\udc51 English (USA) | Kore (Female)"},{"value":null,"display":"&#9733; \ud83d\udc51\ud83d\udc51 English (USA) | Laomedeia (Female)"},{"value":null,"display":"&#9733; \ud83d\udc51\ud83d\udc51 English (USA) | Leda (Female)"},{"value":null,"display":"&#9733; \ud83d\udc51\ud83d\udc51 English (USA) | Orion (Female)"},{"value":null,"display":"&#9733; \ud83d\udc51\ud83d\udc51 English (USA) | Pulcherrima (Female)"},{"value":null,"display":"&#9733; \ud83d\udc51\ud83d\udc51 English (USA) | Sulafat (Female)"},{"value":null,"display":"&#9733; \ud83d\udc51\ud83d\udc51 English (USA) | Vindemiatrix (Female)"},{"value":null,"display":"&#9733; \ud83d\udc51\ud83d\udc51 English (USA) | Zephyr (Female)"},{"value":null,"display":"&#9733; \ud83d\udc51\ud83d\udc51 English (USA) | Achird (Male)"},{"value":null,"display":"&#9733; \ud83d\udc51\ud83d\udc51 English (USA) | Algenib (Male)"},{"value":null,"display":"&#9733; \ud83d\udc51\ud83d\udc51 English (USA) | Algieba (Male)"},{"value":null,"display":"&#9733; \ud83d\udc51\ud83d\udc51 English (USA) | Alnilam (Male)"},{"value":null,"display":"&#9733; \ud83d\udc51\ud83d\udc51 English (USA) | Charon (Male)"},{"value":null,"display":"&#9733; \ud83d\udc51\ud83d\udc51 English (USA) | Dev (Male)"},{"value":null,"display":"&#9733; \ud83d\udc51\ud83d\udc51 English (USA) | Enceladus (Male)"},{"value":null,"display":"&#9733; \ud83d\udc51\ud83d\udc51 English (USA) | Fenrir (Male)"},{"value":null,"display":"&#9733; \ud83d\udc51\ud83d\udc51 English (USA) | Orus (Male)"},{"value":null,"display":"&#9733; \ud83d\udc51\ud83d\udc51 English (USA) | Puck (Male)"},{"value":null,"display":"&#9733; \ud83d\udc51\ud83d\udc51 English (USA) | Rasalgethi (Male)"},{"value":null,"display":"&#9733; \ud83d\udc51\ud83d\udc51 English (USA) | Sadachbia (Male)"},{"value":null,"display":"&#9733; \ud83d\udc51\ud83d\udc51 English (USA) | Sadaltager (Male)"},{"value":null,"display":"&#9733; \ud83d\udc51\ud83d\udc51 English (USA) | Schedar (Male)"},{"value":null,"display":"&#9733; \ud83d\udc51\ud83d\udc51 English (USA) | Umbriel (Male)"},{"value":null,"display":"&#9733; \ud83d\udc51\ud83d\udc51 English (USA) | Zubenelgenubi (Male)"}]},{"group_name":"AxiMate-Premium Veda","prefix":"aximate","voices":[{"value":null,"display":"&#9733; \ud83d\udc51\ud83d\udc51 English (Australia) | Elsie (Female)"},{"value":null,"display":"&#9733; \ud83d\udc51\ud83d\udc51 English (Australia) | Freya (Female)"},{"value":null,"display":"&#9733; \ud83d\udc51\ud83d\udc51 English (Australia) | Gus (Male)"},{"value":null,"display":"&#9733; \ud83d\udc51\ud83d\udc51 English (Great Britain) | Gemma (Female)"},{"value":null,"display":"&#9733; \ud83d\udc51\ud83d\udc51 English (Great Britain) | Holly (Female)"},{"value":null,"display":"&#9733; \ud83d\udc51\ud83d\udc51 English (Great Britain) | Iris (Female)"},{"value":null,"display":"&#9733; \ud83d\udc51\ud83d\udc51 English (Great Britain) | Jack (Male)"},{"value":null,"display":"&#9733; \ud83d\udc51\ud83d\udc51 English (Great Britain) | Kian (Male)"},{"value":null,"display":"&#9733; \ud83d\udc51\ud83d\udc51 English (Great Britain) | Leo (Male)"},{"value":null,"display":"&#9733; \ud83d\udc51\ud83d\udc51 English (USA) | Lila (Female)"},{"value":null,"display":"&#9733; \ud83d\udc51\ud83d\udc51 English (USA) | Nora (Female)"},{"value":null,"display":"&#9733; \ud83d\udc51\ud83d\udc51 English (USA) | Kyle (Male)"},{"value":null,"display":"&#9733; \ud83d\udc51\ud83d\udc51 English (USA) | Miles (Male)"}]},{"group_name":"AxiMate-ProVoice Lumina","prefix":"aximate","voices":[{"value":null,"display":"&#9733; \ud83d\udc51 Portuguese (Brazil) | Alicia (Female)"},{"value":null,"display":"&#9733; \ud83d\udc51 Portuguese (Brazil) | Carla (Female)"},{"value":null,"display":"&#9733; \ud83d\udc51 Portuguese (Brazil) | Bento (Male)"},{"value":null,"display":"&#9733; \ud83d\udc51 French (Canada) | Adele (Female)"},{"value":null,"display":"&#9733; \ud83d\udc51 French (Canada) | Chloe (Female)"},{"value":null,"display":"&#9733; \ud83d\udc51 French (Canada) | Bruno (Male)"},{"value":null,"display":"&#9733; \ud83d\udc51 French (Canada) | Didier (Male)"},{"value":null,"display":"&#9733; \ud83d\udc51 French (France) | Amelie (Female)"},{"value":null,"display":"&#9733; \ud83d\udc51 French (France) | Celine (Female)"},{"value":null,"display":"&#9733; \ud83d\udc51 French (France) | Emilie (Female)"},{"value":null,"display":"&#9733; \ud83d\udc51 French (France) | Benoit (Male)"},{"value":null,"display":"&#9733; \ud83d\udc51 French (France) | Denis (Male)"},{"value":null,"display":"&#9733; \ud83d\udc51 English (Great Britain) | Abigail (Female)"},{"value":null,"display":"&#9733; \ud83d\udc51 English (Great Britain) | Chloe (Female)"},{"value":null,"display":"&#9733; \ud83d\udc51 English (Great Britain) | Fiona (Female)"},{"value":null,"display":"&#9733; \ud83d\udc51 English (Great Britain) | Brandon (Male)"},{"value":null,"display":"&#9733; \ud83d\udc51 English (Great Britain) | Dexter (Male)"},{"value":null,"display":"&#9733; \ud83d\udc51 English (India) | Anika (Female)"},{"value":null,"display":"&#9733; \ud83d\udc51 Hindi (India) | Anika (Female)"},{"value":null,"display":"&#9733; \ud83d\udc51 English (India) | Charu (Female)"},{"value":null,"display":"&#9733; \ud83d\udc51 Hindi (India) | Charu (Female)"},{"value":null,"display":"&#9733; \ud83d\udc51 English (India) | Barun (Male)"},{"value":null,"display":"&#9733; \ud83d\udc51 Hindi (India) | Barun (Male)"},{"value":null,"display":"&#9733; \ud83d\udc51 English (India) | Deepak (Male)"},{"value":null,"display":"&#9733; \ud83d\udc51 Hindi (India) | Deepak (Male)"},{"value":null,"display":"&#9733; \ud83d\udc51 Italian (Italy) | Arianna (Female)"},{"value":null,"display":"&#9733; \ud83d\udc51 Italian (Italy) | Cosimo (Male)"},{"value":null,"display":"&#9733; \ud83d\udc51 Japanese (Japan) | Botan (Female)"},{"value":null,"display":"&#9733; \ud83d\udc51 Japanese (Japan) | Daigo (Male)"},{"value":null,"display":"&#9733; \ud83d\udc51 Japanese (Japan) | Daisuke (Male)"},{"value":null,"display":"&#9733; \ud83d\udc51 Chinese (Mandarin) (China) | Jia (Female)"},{"value":null,"display":"&#9733; \ud83d\udc51 Chinese (Mandarin) (China) | Nuan (Female)"},{"value":null,"display":"&#9733; \ud83d\udc51 Chinese (Mandarin) (China) | Ru (Female)"},{"value":null,"display":"&#9733; \ud83d\udc51 Chinese (Mandarin) (China) | Lio (Male)"},{"value":null,"display":"&#9733; \ud83d\udc51 Chinese (Mandarin) (China) | Ming (Male)"},{"value":null,"display":"&#9733; \ud83d\udc51 Korean (South Korea) | Ahri (Female)"},{"value":null,"display":"&#9733; \ud83d\udc51 Korean (South Korea) | Bina (Female)"},{"value":null,"display":"&#9733; \ud83d\udc51 Korean (South Korea) | Chun (Male)"},{"value":null,"display":"&#9733; \ud83d\udc51 Thai (Thailand) | Chara (Female)"},{"value":null,"display":"&#9733; \ud83d\udc51 English (USA) | Claire (Female)"},{"value":null,"display":"&#9733; \ud83d\udc51 English (USA) | Evelyn (Female)"},{"value":null,"display":"&#9733; \ud83d\udc51 English (USA) | Freya (Female)"},{"value":null,"display":"&#9733; \ud83d\udc51 English (USA) | Gina (Female)"},{"value":null,"display":"&#9733; \ud83d\udc51 English (USA) | Heidi (Female)"},{"value":null,"display":"&#9733; \ud83d\udc51 English (USA) | Aaron (Male)"},{"value":null,"display":"&#9733; \ud83d\udc51 English (USA) | Derek (Male)"},{"value":null,"display":"&#9733; \ud83d\udc51 English (USA) | Ivan (Male)"},{"value":null,"display":"&#9733; \ud83d\udc51 English (USA) | Jason (Male)"}]},{"group_name":"AxiMate-ProVoice Zenith","prefix":"aximate","voices":[{"value":null,"display":"&#9733; \ud83d\udc51 English (Australia) | Abby (Female)"},{"value":null,"display":"&#9733; \ud83d\udc51 English (Australia) | Claire (Female)"},{"value":null,"display":"&#9733; \ud83d\udc51 English (Australia) | Bruce (Male)"},{"value":null,"display":"&#9733; \ud83d\udc51 English (Australia) | Dean (Male)"},{"value":null,"display":"&#9733; \ud83d\udc51 Portuguese (Brazil) | Beatriz (Female)"},{"value":null,"display":"&#9733; \ud83d\udc51 Portuguese (Brazil) | Catarina (Female)"},{"value":null,"display":"&#9733; \ud83d\udc51 Portuguese (Brazil) | Bernardo (Male)"},{"value":null,"display":"&#9733; \ud83d\udc51 Portuguese (Brazil) | Davi (Male)"},{"value":null,"display":"&#9733; \ud83d\udc51 French (Canada) | Amelie (Female)"},{"value":null,"display":"&#9733; \ud83d\udc51 French (Canada) | Charlotte (Female)"},{"value":null,"display":"&#9733; \ud83d\udc51 French (Canada) | Bastien (Male)"},{"value":null,"display":"&#9733; \ud83d\udc51 French (Canada) | Dominic (Male)"},{"value":null,"display":"&#9733; \ud83d\udc51 Czech (Czech Republic) | Adela (Female)"},{"value":null,"display":"&#9733; \ud83d\udc51 Danish (Denmark) | Agnes (Female)"},{"value":null,"display":"&#9733; \ud83d\udc51 Danish (Denmark) | Maja (Female)"},{"value":null,"display":"&#9733; \ud83d\udc51 Danish (Denmark) | Sofia (Female)"},{"value":null,"display":"&#9733; \ud83d\udc51 Danish (Denmark) | Noah (Male)"},{"value":null,"display":"&#9733; \ud83d\udc51 Finnish (Finland) | Aino (Female)"},{"value":null,"display":"&#9733; \ud83d\udc51 French (France) | Anais (Female)"},{"value":null,"display":"&#9733; \ud83d\udc51 French (France) | Camille (Female)"},{"value":null,"display":"&#9733; \ud83d\udc51 French (France) | Estelle (Female)"},{"value":null,"display":"&#9733; \ud83d\udc51 French (France) | Bastien (Male)"},{"value":null,"display":"&#9733; \ud83d\udc51 French (France) | Damien (Male)"},{"value":null,"display":"&#9733; \ud83d\udc51 German (Germany) | Anke (Female)"},{"value":null,"display":"&#9733; \ud83d\udc51 German (Germany) | Christina (Female)"},{"value":null,"display":"&#9733; \ud83d\udc51 German (Germany) | Franka (Female)"},{"value":null,"display":"&#9733; \ud83d\udc51 German (Germany) | Bernd (Male)"},{"value":null,"display":"&#9733; \ud83d\udc51 German (Germany) | Dietmar (Male)"},{"value":null,"display":"&#9733; \ud83d\udc51 German (Germany) | Erich (Male)"},{"value":null,"display":"&#9733; \ud83d\udc51 English (Great Britain) | Amelia (Female)"},{"value":null,"display":"&#9733; \ud83d\udc51 English (Great Britain) | Clara (Female)"},{"value":null,"display":"&#9733; \ud83d\udc51 English (Great Britain) | Felicity (Female)"},{"value":null,"display":"&#9733; \ud83d\udc51 English (Great Britain) | Ben (Male)"},{"value":null,"display":"&#9733; \ud83d\udc51 English (Great Britain) | Dylan (Male)"},{"value":null,"display":"&#9733; \ud83d\udc51 Greek (Greece) | Athena (Female)"},{"value":null,"display":"&#9733; \ud83d\udc51 Hungarian (Hungary) | Anna (Female)"},{"value":null,"display":"&#9733; \ud83d\udc51 Malayalam (India) | Asha (Female)"},{"value":null,"display":"&#9733; \ud83d\udc51 Kannada (India) | Asha (Female)"},{"value":null,"display":"&#9733; \ud83d\udc51 Hindi (India) | Asha (Female)"},{"value":null,"display":"&#9733; \ud83d\udc51 Gujarati (India) | Asha (Female)"},{"value":null,"display":"&#9733; \ud83d\udc51 Tamil (India) | Asha (Female)"},{"value":null,"display":"&#9733; \ud83d\udc51 English (India) | Asha (Female)"},{"value":null,"display":"&#9733; \ud83d\udc51 Hindi (India) | Chandana (Female)"},{"value":null,"display":"&#9733; \ud83d\udc51 Malayalam (India) | Chandana (Female)"},{"value":null,"display":"&#9733; \ud83d\udc51 English (India) | Chandana (Female)"},{"value":null,"display":"&#9733; \ud83d\udc51 Tamil (India) | Chandana (Female)"},{"value":null,"display":"&#9733; \ud83d\udc51 Bengali (India) | Isha (Female)"},{"value":null,"display":"&#9733; \ud83d\udc51 English (India) | Brijesh (Male)"},{"value":null,"display":"&#9733; \ud83d\udc51 Hindi (India) | Brijesh (Male)"},{"value":null,"display":"&#9733; \ud83d\udc51 Tamil (India) | Brijesh (Male)"},{"value":null,"display":"&#9733; \ud83d\udc51 Gujarati (India) | Brijesh (Male)"},{"value":null,"display":"&#9733; \ud83d\udc51 Malayalam (India) | Brijesh (Male)"},{"value":null,"display":"&#9733; \ud83d\udc51 Kannada (India) | Brijesh (Male)"},{"value":null,"display":"&#9733; \ud83d\udc51 Hindi (India) | Dhruv (Male)"},{"value":null,"display":"&#9733; \ud83d\udc51 Malayalam (India) | Dhruv (Male)"},{"value":null,"display":"&#9733; \ud83d\udc51 Tamil (India) | Dhruv (Male)"},{"value":null,"display":"&#9733; \ud83d\udc51 English (India) | Dhruv (Male)"},{"value":null,"display":"&#9733; \ud83d\udc51 Bengali (India) | Rohan (Male)"},{"value":null,"display":"&#9733; \ud83d\udc51 Indonesian (Indonesia) | Amelia (Female)"},{"value":null,"display":"&#9733; \ud83d\udc51 Indonesian (Indonesia) | Clara (Female)"},{"value":null,"display":"&#9733; \ud83d\udc51 Indonesian (Indonesia) | Bayu (Male)"},{"value":null,"display":"&#9733; \ud83d\udc51 Indonesian (Indonesia) | Dodi (Male)"},{"value":null,"display":"&#9733; \ud83d\udc51 Hebrew (Israel) | Avia (Female)"},{"value":null,"display":"&#9733; \ud83d\udc51 Hebrew (Israel) | Dalia (Female)"},{"value":null,"display":"&#9733; \ud83d\udc51 Hebrew (Israel) | Boaz (Male)"},{"value":null,"display":"&#9733; \ud83d\udc51 Hebrew (Israel) | Dov (Male)"},{"value":null,"display":"&#9733; \ud83d\udc51 Italian (Italy) | Alessia (Female)"},{"value":null,"display":"&#9733; \ud83d\udc51 Italian (Italy) | Beatrice (Female)"},{"value":null,"display":"&#9733; \ud83d\udc51 Italian (Italy) | Claudio (Male)"},{"value":null,"display":"&#9733; \ud83d\udc51 Italian (Italy) | Dino (Male)"},{"value":null,"display":"&#9733; \ud83d\udc51 Japanese (Japan) | Akane (Female)"},{"value":null,"display":"&#9733; \ud83d\udc51 Japanese (Japan) | Chisaki (Female)"},{"value":null,"display":"&#9733; \ud83d\udc51 Japanese (Japan) | Daiki (Male)"},{"value":null,"display":"&#9733; \ud83d\udc51 Japanese (Japan) | Genta (Male)"},{"value":null,"display":"&#9733; \ud83d\udc51 Malay (Malaysia) | Amelia (Female)"},{"value":null,"display":"&#9733; \ud83d\udc51 Malay (Malaysia) | Cempaka (Female)"},{"value":null,"display":"&#9733; \ud83d\udc51 Malay (Malaysia) | Badrul (Male)"},{"value":null,"display":"&#9733; \ud83d\udc51 Malay (Malaysia) | Dzul (Male)"},{"value":null,"display":"&#9733; \ud83d\udc51 Chinese (Mandarin) (China) | Ai (Female)"},{"value":null,"display":"&#9733; \ud83d\udc51 Chinese (Mandarin) (Taiwan) | An (Female)"},{"value":null,"display":"&#9733; \ud83d\udc51 Chinese (Mandarin) (China) | Chen (Female)"},{"value":null,"display":"&#9733; \ud83d\udc51 Chinese (Mandarin) (China) | Bo (Male)"},{"value":null,"display":"&#9733; \ud83d\udc51 Chinese (Mandarin) (Taiwan) | Bo (Male)"},{"value":null,"display":"&#9733; \ud83d\udc51 Chinese (Mandarin) (Taiwan) | Cheng (Male)"},{"value":null,"display":"&#9733; \ud83d\udc51 Chinese (Mandarin) (China) | Dong (Male)"},{"value":null,"display":"&#9733; \ud83d\udc51 Arabic (Multiple Regions) | Aaliyah (Female)"},{"value":null,"display":"&#9733; \ud83d\udc51 Arabic (Multiple Regions) | Samira (Female)"},{"value":null,"display":"&#9733; \ud83d\udc51 Arabic (Multiple Regions) | Bilal (Male)"},{"value":null,"display":"&#9733; \ud83d\udc51 Arabic (Multiple Regions) | Rashid (Male)"},{"value":null,"display":"&#9733; \ud83d\udc51 Dutch (Netherlands) | Anke (Female)"},{"value":null,"display":"&#9733; \ud83d\udc51 Dutch (Netherlands) | Elise (Female)"},{"value":null,"display":"&#9733; \ud83d\udc51 Dutch (Netherlands) | Fenna (Female)"},{"value":null,"display":"&#9733; \ud83d\udc51 Dutch (Netherlands) | Bram (Male)"},{"value":null,"display":"&#9733; \ud83d\udc51 Dutch (Netherlands) | Dirk (Male)"},{"value":null,"display":"&#9733; \ud83d\udc51 Norwegian (Norway) | Astrid (Female)"},{"value":null,"display":"&#9733; \ud83d\udc51 Norwegian (Norway) | Camilla (Female)"},{"value":null,"display":"&#9733; \ud83d\udc51 Norwegian (Norway) | Elin (Female)"},{"value":null,"display":"&#9733; \ud83d\udc51 Norwegian (Norway) | Birger (Male)"},{"value":null,"display":"&#9733; \ud83d\udc51 Norwegian (Norway) | Dag (Male)"},{"value":null,"display":"&#9733; \ud83d\udc51 Filipino (Philippines) | Andrea (Female)"},{"value":null,"display":"&#9733; \ud83d\udc51 Filipino (Philippines) | Bea (Female)"},{"value":null,"display":"&#9733; \ud83d\udc51 Filipino (Philippines) | Carlos (Male)"},{"value":null,"display":"&#9733; \ud83d\udc51 Filipino (Philippines) | Diego (Male)"},{"value":null,"display":"&#9733; \ud83d\udc51 Polish (Poland) | Agnieszka (Female)"},{"value":null,"display":"&#9733; \ud83d\udc51 Polish (Poland) | Dorota (Female)"},{"value":null,"display":"&#9733; \ud83d\udc51 Polish (Poland) | Elzbieta (Female)"},{"value":null,"display":"&#9733; \ud83d\udc51 Polish (Poland) | Bogdan (Male)"},{"value":null,"display":"&#9733; \ud83d\udc51 Polish (Poland) | Cyprian (Male)"},{"value":null,"display":"&#9733; \ud83d\udc51 Portuguese (Portugal) | Amelia (Female)"},{"value":null,"display":"&#9733; \ud83d\udc51 Portuguese (Portugal) | Carla (Female)"},{"value":null,"display":"&#9733; \ud83d\udc51 Portuguese (Portugal) | Bernardo (Male)"},{"value":null,"display":"&#9733; \ud83d\udc51 Portuguese (Portugal) | Duarte (Male)"},{"value":null,"display":"&#9733; \ud83d\udc51 Romanian (Romania) | Alina (Female)"},{"value":null,"display":"&#9733; \ud83d\udc51 Russian (Russia) | Anastasia (Female)"},{"value":null,"display":"&#9733; \ud83d\udc51 Russian (Russia) | Irina (Female)"},{"value":null,"display":"&#9733; \ud83d\udc51 Russian (Russia) | Olga (Female)"},{"value":null,"display":"&#9733; \ud83d\udc51 Russian (Russia) | Bogdan (Male)"},{"value":null,"display":"&#9733; \ud83d\udc51 Russian (Russia) | Ivan (Male)"},{"value":null,"display":"&#9733; \ud83d\udc51 Slovak (Slovakia) | Adela (Female)"},{"value":null,"display":"&#9733; \ud83d\udc51 Korean (South Korea) | Areum (Female)"},{"value":null,"display":"&#9733; \ud83d\udc51 Korean (South Korea) | Bomi (Female)"},{"value":null,"display":"&#9733; \ud83d\udc51 Korean (South Korea) | Chansung (Male)"},{"value":null,"display":"&#9733; \ud83d\udc51 Korean (South Korea) | Dojun (Male)"},{"value":null,"display":"&#9733; \ud83d\udc51 Swedish (Sweden) | Agnes (Female)"},{"value":null,"display":"&#9733; \ud83d\udc51 Swedish (Sweden) | Cecilia (Female)"},{"value":null,"display":"&#9733; \ud83d\udc51 Swedish (Sweden) | Elin (Female)"},{"value":null,"display":"&#9733; \ud83d\udc51 Swedish (Sweden) | Birger (Male)"},{"value":null,"display":"&#9733; \ud83d\udc51 Swedish (Sweden) | Dag (Male)"},{"value":null,"display":"&#9733; \ud83d\udc51 Turkish (Turkey) | Asli (Female)"},{"value":null,"display":"&#9733; \ud83d\udc51 Turkish (Turkey) | Cansu (Female)"},{"value":null,"display":"&#9733; \ud83d\udc51 Turkish (Turkey) | Demet (Female)"},{"value":null,"display":"&#9733; \ud83d\udc51 Turkish (Turkey) | Berk (Male)"},{"value":null,"display":"&#9733; \ud83d\udc51 Turkish (Turkey) | Erdem (Male)"},{"value":null,"display":"&#9733; \ud83d\udc51 English (USA) | Clara (Female)"},{"value":null,"display":"&#9733; \ud83d\udc51 English (USA) | Ella (Female)"},{"value":null,"display":"&#9733; \ud83d\udc51 English (USA) | Faith (Female)"},{"value":null,"display":"&#9733; \ud83d\udc51 English (USA) | Gabrielle (Female)"},{"value":null,"display":"&#9733; \ud83d\udc51 English (USA) | Hailey (Female)"},{"value":null,"display":"&#9733; \ud83d\udc51 English (USA) | Alex (Male)"},{"value":null,"display":"&#9733; \ud83d\udc51 English (USA) | Blake (Male)"},{"value":null,"display":"&#9733; \ud83d\udc51 English (USA) | David (Male)"},{"value":null,"display":"&#9733; \ud83d\udc51 English (USA) | Isaac (Male)"},{"value":null,"display":"&#9733; \ud83d\udc51 English (USA) | Jack (Male)"},{"value":null,"display":"&#9733; \ud83d\udc51 Ukrainian (Ukraine) | Anya (Female)"},{"value":null,"display":"&#9733; \ud83d\udc51 Vietnamese (Vietnam) | Ai (Female)"},{"value":null,"display":"&#9733; \ud83d\udc51 Vietnamese (Vietnam) | Chau (Female)"},{"value":null,"display":"&#9733; \ud83d\udc51 Vietnamese (Vietnam) | Binh (Male)"},{"value":null,"display":"&#9733; \ud83d\udc51 Vietnamese (Vietnam) | Duy (Male)"}]},{"group_name":"AxiMate-Standard","prefix":"aximate","voices":[{"value":null,"display":"&#9733; \u2b50 English (Australia) | Ava (Female)"},{"value":null,"display":"&#9733; \u2b50 English (Australia) | Cora (Female)"},{"value":null,"display":"&#9733; \u2b50 English (Australia) | Ben (Male)"},{"value":null,"display":"&#9733; \u2b50 English (Australia) | Dan (Male)"},{"value":null,"display":"&#9733; \u2b50 Portuguese (Brazil) | Ana (Female)"},{"value":null,"display":"&#9733; \u2b50 Portuguese (Brazil) | Clara (Female)"},{"value":null,"display":"&#9733; \u2b50 Portuguese (Brazil) | Bruno (Male)"},{"value":null,"display":"&#9733; \u2b50 Bulgarian (Bulgaria) | Elena (Female)"},{"value":null,"display":"&#9733; \u2b50 French (Canada) | Alice (Female)"},{"value":null,"display":"&#9733; \u2b50 French (Canada) | Camille (Female)"},{"value":null,"display":"&#9733; \u2b50 French (Canada) | Benoit (Male)"},{"value":null,"display":"&#9733; \u2b50 French (Canada) | Denis (Male)"},{"value":null,"display":"&#9733; \u2b50 Chinese (Cantonese) (Hong Kong) | Mei (Female)"},{"value":null,"display":"&#9733; \u2b50 Chinese (Cantonese) (Hong Kong) | Siu (Female)"},{"value":null,"display":"&#9733; \u2b50 Chinese (Cantonese) (Hong Kong) | Lok (Male)"},{"value":null,"display":"&#9733; \u2b50 Chinese (Cantonese) (Hong Kong) | Wang (Male)"},{"value":null,"display":"&#9733; \u2b50 Croatian (Croatia) | Ana (Female)"},{"value":null,"display":"&#9733; \u2b50 Czech (Czech Republic) | Tereza (Female)"},{"value":null,"display":"&#9733; \u2b50 Danish (Denmark) | Clara (Female)"},{"value":null,"display":"&#9733; \u2b50 Danish (Denmark) | Freja (Female)"},{"value":null,"display":"&#9733; \u2b50 Danish (Denmark) | Ida (Female)"},{"value":null,"display":"&#9733; \u2b50 Danish (Denmark) | Magnus (Male)"},{"value":null,"display":"&#9733; \u2b50 Finnish (Finland) | Sofia (Female)"},{"value":null,"display":"&#9733; \u2b50 French (France) | Aimee (Female)"},{"value":null,"display":"&#9733; \u2b50 French (France) | Chloe (Female)"},{"value":null,"display":"&#9733; \u2b50 French (France) | Elise (Female)"},{"value":null,"display":"&#9733; \u2b50 French (France) | Bruno (Male)"},{"value":null,"display":"&#9733; \u2b50 French (France) | Didier (Male)"},{"value":null,"display":"&#9733; \u2b50 German (Germany) | Anna (Female)"},{"value":null,"display":"&#9733; \u2b50 German (Germany) | Clara (Female)"},{"value":null,"display":"&#9733; \u2b50 German (Germany) | Frieda (Female)"},{"value":null,"display":"&#9733; \u2b50 German (Germany) | Ben (Male)"},{"value":null,"display":"&#9733; \u2b50 German (Germany) | David (Male)"},{"value":null,"display":"&#9733; \u2b50 German (Germany) | Elias (Male)"},{"value":null,"display":"&#9733; \u2b50 English (Great Britain) | Alice (Female)"},{"value":null,"display":"&#9733; \u2b50 English (Great Britain) | Charlotte (Female)"},{"value":null,"display":"&#9733; \u2b50 English (Great Britain) | Faye (Female)"},{"value":null,"display":"&#9733; \u2b50 English (Great Britain) | Brian (Male)"},{"value":null,"display":"&#9733; \u2b50 English (Great Britain) | David (Male)"},{"value":null,"display":"&#9733; \u2b50 Greek (Greece) | Eleni (Female)"},{"value":null,"display":"&#9733; \u2b50 Hungarian (Hungary) | Eszter (Female)"},{"value":null,"display":"&#9733; \u2b50 English (India) | Aditi (Female)"},{"value":null,"display":"&#9733; \u2b50 Kannada (India) | Aditi (Female)"},{"value":null,"display":"&#9733; \u2b50 Telugu (India) | Aditi (Female)"},{"value":null,"display":"&#9733; \u2b50 Hindi (India) | Aditi (Female)"},{"value":null,"display":"&#9733; \u2b50 Tamil (India) | Aditi (Female)"},{"value":null,"display":"&#9733; \u2b50 Malayalam (India) | Aditi (Female)"},{"value":null,"display":"&#9733; \u2b50 Gujarati (India) | Aditi (Female)"},{"value":null,"display":"&#9733; \u2b50 Bengali (India) | Ananya (Female)"},{"value":null,"display":"&#9733; \u2b50 English (India) | Chitra (Female)"},{"value":null,"display":"&#9733; \u2b50 Hindi (India) | Divya (Female)"},{"value":null,"display":"&#9733; \u2b50 Hindi (India) | Arjun (Male)"},{"value":null,"display":"&#9733; \u2b50 Gujarati (India) | Bodhi (Male)"},{"value":null,"display":"&#9733; \u2b50 Malayalam (India) | Bodhi (Male)"},{"value":null,"display":"&#9733; \u2b50 English (India) | Bodhi (Male)"},{"value":null,"display":"&#9733; \u2b50 Telugu (India) | Bodhi (Male)"},{"value":null,"display":"&#9733; \u2b50 Kannada (India) | Bodhi (Male)"},{"value":null,"display":"&#9733; \u2b50 Tamil (India) | Bodhi (Male)"},{"value":null,"display":"&#9733; \u2b50 Bengali (India) | Dev (Male)"},{"value":null,"display":"&#9733; \u2b50 English (India) | Devan (Male)"},{"value":null,"display":"&#9733; \u2b50 Hindi (India) | Karan (Male)"},{"value":null,"display":"&#9733; \u2b50 Indonesian (Indonesia) | Ayu (Female)"},{"value":null,"display":"&#9733; \u2b50 Indonesian (Indonesia) | Citra (Female)"},{"value":null,"display":"&#9733; \u2b50 Indonesian (Indonesia) | Budi (Male)"},{"value":null,"display":"&#9733; \u2b50 Indonesian (Indonesia) | Dharma (Male)"},{"value":null,"display":"&#9733; \u2b50 Hebrew (Israel) | Abigail (Female)"},{"value":null,"display":"&#9733; \u2b50 Hebrew (Israel) | Dana (Female)"},{"value":null,"display":"&#9733; \u2b50 Hebrew (Israel) | Ben (Male)"},{"value":null,"display":"&#9733; \u2b50 Hebrew (Israel) | David (Male)"},{"value":null,"display":"&#9733; \u2b50 Italian (Italy) | Alice (Female)"},{"value":null,"display":"&#9733; \u2b50 Italian (Italy) | Bianca (Female)"},{"value":null,"display":"&#9733; \u2b50 Italian (Italy) | Carlo (Male)"},{"value":null,"display":"&#9733; \u2b50 Italian (Italy) | Dario (Male)"},{"value":null,"display":"&#9733; \u2b50 Japanese (Japan) | Airi (Female)"},{"value":null,"display":"&#9733; \u2b50 Japanese (Japan) | Emi (Female)"},{"value":null,"display":"&#9733; \u2b50 Japanese (Japan) | Daichi (Male)"},{"value":null,"display":"&#9733; \u2b50 Japanese (Japan) | Genji (Male)"},{"value":null,"display":"&#9733; \u2b50 Latvian (Latvia) | Arturs (Male)"},{"value":null,"display":"&#9733; \u2b50 Lithuanian (Lithuania) | Lukas (Male)"},{"value":null,"display":"&#9733; \u2b50 Malay (Malaysia) | Aisha (Female)"},{"value":null,"display":"&#9733; \u2b50 Malay (Malaysia) | Cahaya (Female)"},{"value":null,"display":"&#9733; \u2b50 Malay (Malaysia) | Bakar (Male)"},{"value":null,"display":"&#9733; \u2b50 Malay (Malaysia) | Daud (Male)"},{"value":null,"display":"&#9733; \u2b50 Chinese (Mandarin) (China) | Fang (Female)"},{"value":null,"display":"&#9733; \u2b50 Chinese (Mandarin) (Taiwan) | Hsiao-Yueh (Female)"},{"value":null,"display":"&#9733; \u2b50 Chinese (Mandarin) (China) | Lin (Female)"},{"value":null,"display":"&#9733; \u2b50 Chinese (Mandarin) (China) | Mei (Female)"},{"value":null,"display":"&#9733; \u2b50 Chinese (Mandarin) (China) | Shan (Female)"},{"value":null,"display":"&#9733; \u2b50 Chinese (Mandarin) (Taiwan) | Chih-Yuan (Male)"},{"value":null,"display":"&#9733; \u2b50 Chinese (Mandarin) (China) | Kang (Male)"},{"value":null,"display":"&#9733; \u2b50 Chinese (Mandarin) (Taiwan) | Po-Yen (Male)"},{"value":null,"display":"&#9733; \u2b50 Chinese (Mandarin) (China) | Rong (Male)"},{"value":null,"display":"&#9733; \u2b50 Chinese (Mandarin) (China) | Tao (Male)"},{"value":null,"display":"&#9733; \u2b50 Chinese (Mandarin) (China) | Wei (Male)"},{"value":null,"display":"&#9733; \u2b50 Chinese (Mandarin) (China) | Xun (Male)"},{"value":null,"display":"&#9733; \u2b50 Arabic (Multiple Regions) | Layla (Female)"},{"value":null,"display":"&#9733; \u2b50 Arabic (Multiple Regions) | Zahra (Female)"},{"value":null,"display":"&#9733; \u2b50 Arabic (Multiple Regions) | Omar (Male)"},{"value":null,"display":"&#9733; \u2b50 Arabic (Multiple Regions) | Yusuf (Male)"},{"value":null,"display":"&#9733; \u2b50 Dutch (Netherlands) | Anna (Female)"},{"value":null,"display":"&#9733; \u2b50 Dutch (Netherlands) | Eva (Female)"},{"value":null,"display":"&#9733; \u2b50 Dutch (Netherlands) | Femke (Female)"},{"value":null,"display":"&#9733; \u2b50 Dutch (Netherlands) | Ben (Male)"},{"value":null,"display":"&#9733; \u2b50 Dutch (Netherlands) | Daan (Male)"},{"value":null,"display":"&#9733; \u2b50 Norwegian (Norway) | Anja (Female)"},{"value":null,"display":"&#9733; \u2b50 Norwegian (Norway) | Cecilie (Female)"},{"value":null,"display":"&#9733; \u2b50 Norwegian (Norway) | Eva (Female)"},{"value":null,"display":"&#9733; \u2b50 Norwegian (Norway) | Bjorn (Male)"},{"value":null,"display":"&#9733; \u2b50 Norwegian (Norway) | Didrik (Male)"},{"value":null,"display":"&#9733; \u2b50 Filipino (Philippines) | Clara (Female)"},{"value":null,"display":"&#9733; \u2b50 Filipino (Philippines) | Maria (Female)"},{"value":null,"display":"&#9733; \u2b50 Filipino (Philippines) | Juan (Male)"},{"value":null,"display":"&#9733; \u2b50 Filipino (Philippines) | Mateo (Male)"},{"value":null,"display":"&#9733; \u2b50 Polish (Poland) | Anna (Female)"},{"value":null,"display":"&#9733; \u2b50 Polish (Poland) | Daria (Female)"},{"value":null,"display":"&#9733; \u2b50 Polish (Poland) | Ewa (Female)"},{"value":null,"display":"&#9733; \u2b50 Polish (Poland) | Bartosz (Male)"},{"value":null,"display":"&#9733; \u2b50 Polish (Poland) | Cezary (Male)"},{"value":null,"display":"&#9733; \u2b50 Portuguese (Portugal) | Ana (Female)"},{"value":null,"display":"&#9733; \u2b50 Portuguese (Portugal) | Clara (Female)"},{"value":null,"display":"&#9733; \u2b50 Portuguese (Portugal) | Bruno (Male)"},{"value":null,"display":"&#9733; \u2b50 Portuguese (Portugal) | David (Male)"},{"value":null,"display":"&#9733; \u2b50 Romanian (Romania) | Ana (Female)"},{"value":null,"display":"&#9733; \u2b50 Russian (Russia) | Anna (Female)"},{"value":null,"display":"&#9733; \u2b50 Russian (Russia) | Daria (Female)"},{"value":null,"display":"&#9733; \u2b50 Russian (Russia) | Elena (Female)"},{"value":null,"display":"&#9733; \u2b50 Russian (Russia) | Boris (Male)"},{"value":null,"display":"&#9733; \u2b50 Russian (Russia) | Dimitri (Male)"},{"value":null,"display":"&#9733; \u2b50 Serbian (Serbia) | Ana (Female)"},{"value":null,"display":"&#9733; \u2b50 Slovak (Slovakia) | Ema (Female)"},{"value":null,"display":"&#9733; \u2b50 Afrikaans (South Africa) | Hanna (Female)"},{"value":null,"display":"&#9733; \u2b50 Korean (South Korea) | Ara (Female)"},{"value":null,"display":"&#9733; \u2b50 Korean (South Korea) | Bora (Female)"},{"value":null,"display":"&#9733; \u2b50 Korean (South Korea) | Chul (Male)"},{"value":null,"display":"&#9733; \u2b50 Korean (South Korea) | Dae (Male)"},{"value":null,"display":"&#9733; \u2b50 Catalan (Spain) | Laia (Female)"},{"value":null,"display":"&#9733; \u2b50 Swedish (Sweden) | Astrid (Female)"},{"value":null,"display":"&#9733; \u2b50 Swedish (Sweden) | Clara (Female)"},{"value":null,"display":"&#9733; \u2b50 Swedish (Sweden) | Elsa (Female)"},{"value":null,"display":"&#9733; \u2b50 Swedish (Sweden) | Bjorn (Male)"},{"value":null,"display":"&#9733; \u2b50 Swedish (Sweden) | David (Male)"},{"value":null,"display":"&#9733; \u2b50 Thai (Thailand) | Anya (Female)"},{"value":null,"display":"&#9733; \u2b50 Turkish (Turkey) | Aylin (Female)"},{"value":null,"display":"&#9733; \u2b50 Turkish (Turkey) | Ceren (Female)"},{"value":null,"display":"&#9733; \u2b50 Turkish (Turkey) | Deniz (Female)"},{"value":null,"display":"&#9733; \u2b50 Turkish (Turkey) | Baris (Male)"},{"value":null,"display":"&#9733; \u2b50 Turkish (Turkey) | Emre (Male)"},{"value":null,"display":"&#9733; \u2b50 English (USA) | Chloe (Female)"},{"value":null,"display":"&#9733; \u2b50 English (USA) | Eva (Female)"},{"value":null,"display":"&#9733; \u2b50 English (USA) | Fiona (Female)"},{"value":null,"display":"&#9733; \u2b50 English (USA) | Grace (Female)"},{"value":null,"display":"&#9733; \u2b50 English (USA) | Hannah (Female)"},{"value":null,"display":"&#9733; \u2b50 English (USA) | Adam (Male)"},{"value":null,"display":"&#9733; \u2b50 English (USA) | Benjamin (Male)"},{"value":null,"display":"&#9733; \u2b50 English (USA) | Daniel (Male)"},{"value":null,"display":"&#9733; \u2b50 English (USA) | Ian (Male)"},{"value":null,"display":"&#9733; \u2b50 English (USA) | Jacob (Male)"},{"value":null,"display":"&#9733; \u2b50 Ukrainian (Ukraine) | Olena (Female)"},{"value":null,"display":"&#9733; \u2b50 Vietnamese (Vietnam) | An (Female)"},{"value":null,"display":"&#9733; \u2b50 Vietnamese (Vietnam) | Chi (Female)"},{"value":null,"display":"&#9733; \u2b50 Vietnamese (Vietnam) | Bao (Male)"},{"value":null,"display":"&#9733; \u2b50 Vietnamese (Vietnam) | Dung (Male)"}]}]