{
  "type": "service_account",
  "project_id": "aximate-content-studio",
  "private_key_id": "xxxxx",
  "private_key": "XXXXXXX"
  "client_email": "text-to-speech-service-account@aximate-content-studio.iam.gserviceaccount.com",
  "client_id": "116081956332142603569",
  "auth_uri": "https://accounts.google.com/o/oauth2/auth",
  "token_uri": "https://oauth2.googleapis.com/token",
  "auth_provider_x509_cert_url": "https://www.googleapis.com/oauth2/v1/certs",
  "client_x509_cert_url": "https://www.googleapis.com/robot/v1/metadata/x509/text-to-speech-service-account%40aximate-content-studio.iam.gserviceaccount.com",
  "universe_domain": "googleapis.com"
}
